<keymap version="1" name="Windows copy" parent="$default">
  <action id="CloseAllEditors">
    <keyboard-shortcut first-keystroke="alt x" />
  </action>
  <action id="EditorDeleteLine">
    <keyboard-shortcut first-keystroke="ctrl d" />
  </action>
  <action id="EditorDuplicate" />
  <action id="EditorDuplicateLines">
    <keyboard-shortcut first-keystroke="ctrl b" />
  </action>
  <action id="NewClass">
    <keyboard-shortcut first-keystroke="shift alt n" />
  </action>
  <action id="NewDir">
    <keyboard-shortcut first-keystroke="shift alt p" />
  </action>
</keymap>